{"кв. Витоша, ул. „Марин Тодоров“ 2":{"distance":8.5366,"duration":31.783333333333335},"НДК София":{"distance":7.3226,"duration":25.1},"ж.к. Дианабад, ул. „Васил Калчев“ 10":{"distance":3.2753,"duration":11.133333333333333}}